"competition_id","competition_name","bonus_rule","category","notes"
"A1","中国国际大学生创新大赛","国赛金/银/铜奖排前4位（加10/2/2分）金奖第5~8名和银奖铜奖第5~8加2分,省赛金/银奖前8加1.5/1，多赛道可叠加","A",""
"A2","“挑战杯”全国大学生课外学术科技作品竞赛","国赛1/2/3等奖排前4位（加10/2/2分）一等奖第5~8名和二/三等奖第5~8加2分,省赛1/2等奖前8加1.5/1，多赛道可叠加","A",""
"A3","“挑战杯”中国大学生创业计划竞赛","国赛1/2/3等奖排前4位（加10/2/2分）一等奖第5~8名和二/三等奖第5~8加2分,省赛1/2等奖前8加1.5/1，多赛道可叠加","A",""
"B1","ACM-ICPC国际大学生程序设计竞赛","区域赛金/银/铜奖加5/3/2分,邀请赛金/银/铜奖3/2/1，省赛金/银奖加0.8/0.5，取最高成绩","B",""
"B2","全国大学生计算机系统能力大赛","国赛1/2/3等奖加5/3/2分,国赛优胜奖加1分，区域赛(省赛)一/二等奖加0.8/0.5，Oceanbase 50强加1分，多赛道可叠加","B",""
"B3","蓝桥杯全国软件和信息技术专业人才大赛","国赛1/2/3等奖加4/2/1分,省赛1/2等奖加0.8/0.5，多赛道可叠加，软件赛不同赛道不能叠加","B",""
"B4","百度之星·程序设计大赛","国赛1/2/3等奖加4/2/1分,省赛1/2等奖加0.8/0.5","B",""
"B5","“中国软件杯”大学生软件设计大赛","国赛1/2/3等奖加4/2/1分,省赛1/2等奖加0.8/0.5","B",""
"B6","全球校园人工智能算法精英大赛","国赛1/2/3等奖加4/2/1分,省赛1/2等奖加0.8/0.5，多赛道可叠加","B",""
"B7","中国机器人及人工智能大赛","国赛1/2/3等奖加4/2/1分,省赛1/2等奖加0.8/0.5","B",""
"B8","全国大学生物联网设计竞赛","国赛1/2/3等奖加4/2/1分,省赛1/2等奖加0.8/0.5","B",""
"B9","全国大学生信息安全竞赛","国赛1/2/3等奖加4/2/1分,省赛1/2等奖加0.8/0.5，多赛道可叠加","B",""
"B10","全国大学生信息安全与对抗技术竞赛","国赛1/2/3等奖加4/2/1分,省赛1/2等奖加0.8/0.5，多赛道可叠加","B",""
"B11","睿抗机器人开发者大赛（RAICOM）","CAIP赛道个人赛1/2/3等加2/1.5/1分,省赛1/2等奖加0.8/0.5， CAIP赛道团队赛及其他与计算机相关的赛道1/2/3等奖加4/2/1分,省赛1/2等奖加0.8/0.5，多赛道可叠加","B",""
"B12","中国高校计算机大赛","国赛1/2/3等奖加4/2/1分,省赛1/2等奖加0.8/0.5，多赛道可叠加，普及赛不加分。","B",""
"B13","华为ICT大赛","全球赛5分，国赛1/2/3等奖加4/2/1分,省赛1/2等奖加0.8/0.5，多赛道可叠加","B",""
"B14","全国大学生机器人大赛","国赛1/2/3等奖加4/2/1分,省赛1/2等奖加0.8/0.5，多赛道可叠加","B",""
"B15","中国大学生服务外包创新创业大赛","国赛1/2/3等奖加4/2/1分,省赛1/2等奖加0.8/0.5","B",""
"B16","中国大学生计算机设计大赛","国赛1/2/3等奖加4/2/1分,省赛1/2等奖加0.8/0.5","B",""
"B17","全国大学生嵌入式芯片与系统设计竞赛","国赛1/2/3等奖加4/2/1分,省赛1/2等奖加0.8/0.5","B",""
"B18","“大唐杯”全国大学生新一代信息通信技术大赛","国赛1/2/3等奖加4/2/1分,省赛1/2等奖加0.8/0.5","B",""
"B19","中国机器人大赛暨RoboCup机器人世界杯中国赛","国赛1/2/3等奖加4/2/1分,省赛1/2等奖加0.8/0.5","B",""
"B20","全国大学生光电设计竞赛","国赛1/2/3等奖加4/2/1分,省赛1/2等奖加0.8/0.5","B",""
"B21","全国大学生集成电路创新创业大赛","国赛1/2/3等奖加4/2/1分,省赛1/2等奖加0.8/0.5","B",""
"B22","微软""创新杯""全球学生大赛","全球赛5分，国赛1/2/3等奖加4/2/1分,省赛1/2等奖加0.8/0.5","B",""
"B23","中美青年创客大赛","国赛1/2/3等奖加4/2/1分,省赛1/2等奖加0.8/0.5","B",""
"B24","中国大学生工程实践与创新能力大赛","国赛1/2/3等奖加4/2/1分,省赛1/2等奖加0.8/0.5","B",""
"B25","全国大学生智能汽车竞赛","国赛1/2/3等奖加4/2/1分,省赛1/2等奖加0.8/0.5","B",""
"B26","中国高校智能机器人创意大赛","国赛1/2/3等奖加4/2/1分,省赛1/2等奖加0.8/0.5","B",""
"B27","全国大学生数学建模竞赛","国赛1/2/3等奖加4/2/1分,省赛1/2等奖加0.8/0.5","B",""
"B28","全国大学生数学竞赛","国赛1/2/3等奖加4/2/1分,省赛1/2等奖加0.8/0.5","B",""
"B29","外研社全国大学生英语系列赛","国赛1/2/3等奖加4/2/1分,省赛1/2等奖加0.8/0.5","B",""
"B30","“21世纪杯”全国英语演讲比赛","国赛1/2/3等奖加4/2/1分,省赛1/2等奖加0.8/0.5","B",""
"B31","全国大学生外语能力大赛","国赛1/2/3等奖加4/2/1分,省赛1/2等奖加0.8/0.5","B",""
"B32","全国大学生电子商务“创新、创意及创业”挑战赛","国赛1/2/3等奖加4/2/1分,省赛1/2等奖加0.8/0.5","B",""
"B33","全国三维数字化创新设计大赛","国赛1/2/3等奖加4/2/1分,省赛1/2等奖加0.8/0.5","B",""
"B34","“西门子杯”中国智能制造挑战赛","国赛1/2/3等奖加4/2/1分,省赛1/2等奖加0.8/0.5","B",""
"B35","全国大学生生命科学竞赛（CULSC）","国赛1/2/3等奖加4/2/1分,省赛1/2等奖加0.8/0.5","B",""
"B36","全国大学生电子设计竞赛","国赛1/2/3等奖加4/2/1分,省赛1/2等奖加0.8/0.5","B",""
"B37","全国大学生机械创新设计大赛","国赛1/2/3等奖加4/2/1分,省赛1/2等奖加0.8/0.5","B",""
"B38","“学创杯”全国大学生创业综合模拟大赛","国赛1/2/3等奖加4/2/1分,省赛1/2等奖加0.8/0.5","B",""
"B39","全国大学生创新发明大赛","国赛1/2/3等奖加4/2/1分,省赛1/2等奖加0.8/0.5","B",""
"B40","“工行杯”全国大学生金融科技创新大赛","国赛1/2/3等奖加4/2/1分,省赛1/2等奖加0.8/0.5","B",""
"B41","全国大学生统计建模大赛","国赛1/2/3等奖加4/2/1分,省赛1/2等奖加0.8/0.5","B",""
"B42","全国大学生医学创新大赛","国赛1/2/3等奖加4/2/1分,省赛1/2等奖加0.8/0.5","B",""
"B43","全国大学生数字媒体科技作品及创意竞赛","国赛1/2/3等奖加4/2/1分,省赛1/2等奖加0.8/0.5","B",""
"B44","参军入伍","荣立三等功（含）以上，或被评为“优秀士兵”加4分，其他加1分","B","special_military"
"B45","国际或国家级重要体育赛事","金/银/铜奖（加4/2/1分）","B","special_sports"
"B46","曾赴学校官方认可的国际组织实习","（学校国际交流处公派的国际组织）加4分   如东南亚教育部长组织、联合国训练研究所、联合国艾滋病规划署、国际音乐理事会、区域联合组织、地球宪章国际","B","special_international"
"B47","第一作者发表计算机学科相关学术论文(华科第一作者)","CCF A/B/C类加5/4/2分，共同第一作者根据共一作者人数平均折算分数，最多两篇 1）会议论文指“Full paper” 或“Regular paper” （正式发表的长文），Short paper 、 Demo paper 、Technical Brief、 Summary 以及伴随会议的workshop 等不计入。 2）共同第一作者根据人数平均折算分数 3）论文必须是华科一作，加分学生与其他论文作者之间无亲属关系","B","special_publication"
"B48","全国大学生创新创业训练计划年会展示","项目负责人5分，项目组成员排名第1者2分，排名第2、3者1分","B","special_project_annual"
"B49","国家级大学生创新创业训练计划重点支持领域项目","项目负责人4分，项目组成员排名第1者1分，排名第2、3者0.5分","B","special_project_key"
"C1","国家级大学生创新创业训练计划项目","项目负责人1分，项目组成员排名第1者0.5分，排名第2、3者0.25分","C",""
"C2","全国计算机技术与软件专业技术资格（水平）考试  ","高级加2分","C",""
"C3","美国大学生数学建模竞赛","O/F/M/H奖加2/1.5/1/0.5分","C",""
"C4","全国大学生英语竞赛","1/2/3等加2/1.5/1分","C",""
"C5","全国大学英语四六级考试口语考试  ","六级优秀加0.8分，四级优秀加0.5分，不叠加","C",""
"C6","国家级或国际级文艺类比赛","国赛1/2/3等奖加2/1.5/1分,省赛1/2等奖加0.8/0.5","C",""
"C7","国家级或国际级体育类竞赛","国赛1/2/3等奖加2/1.5/1分,省赛1/2等奖加0.8/0.5","C","special_sports"
"C8","湖北省大学生社会调查大赛  ","省赛1/2等奖加0.8/0.5","C",""
"C9","思政类荣誉","国家/省/校级荣誉加2/1/0.5分     国家级：全国优秀学生干部、全国优秀共青团员、中国大学生年度人物、中国大学生自强之星标兵、中国青年志愿者优秀个人奖、全国暑期“三下乡”社会实践优秀个人、 省级：省青年五四奖章称号、省优秀学生干部、省优秀共青团干部、省优秀共青团员、省青年志愿者优秀个人奖、省志愿者优秀个人、省暑期“三下乡”社会实践优秀个人 校级：校青年五四奖章称号、优秀学生干部、优秀共产党员、优秀共青团干部、民族之星   （所有级别取最高加分）","C","special_honor"
"C10","世界大学生超级计算机竞赛(包括 ASC、 SC 、ISC)","国赛1/2/3等奖加2/1.5/1分,省赛1/2等奖加0.8/0.5","C",""
"C11","国产CPU并行应用挑战赛（CPC）","国赛1/2/3等奖加2/1.5/1分,省赛1/2等奖加0.8/0.5","C",""
"C12","全国并行应用挑战赛（PAC）","国赛1/2/3等奖加2/1.5/1分,省赛1/2等奖加0.8/0.5","C",""
"C13","ACM中国国际并行计算挑战赛（IPCC）","国赛1/2/3等奖加2/1.5/1分,省赛1/2等奖加0.8/0.5","C",""
"C14","大学生RDMA编程挑战赛（RDMA）","国赛1/2/3等奖加2/1.5/1分,省赛1/2等奖加0.8/0.5","C",""
"C15","华为软件精英挑战赛","国赛1/2/3等奖加2/1.5/1分,省赛1/2等奖加0.8/0.5","C",""
"C16","全国大学生信息存储竞赛","国赛1/2/3等奖加2/1.5/1分,优胜奖等同于省赛一等奖，省赛1/2等奖加0.8/0.5,","C",""
"C17","CCF大学生系统与程序设计竞赛（CCSP）","国赛1/2/3等奖加2/1.5/1分，省赛不加分","C",""
"C18","中国大学生程序设计竞赛（CCPC)","国赛1/2/3等奖加2/1.5/1分，省赛不加分","C",""
"C19","中国软件开源创新大赛","国赛1/2/3等奖或金/银/铜奖加2/1/0.5分，省赛不加分","C",""
"C20","集成电路EDA设计精英挑战赛","国赛1/2/3等奖或金/银/铜奖加2/1/0.5分，省赛不加分","C",""
"C21","鲲鹏创新应用大赛","国赛1/2/3等奖加2/1.5/1分,省赛1/2等奖加0.8/0.5","C",""
"C22","昇腾AI创新大赛","国赛1/2/3等奖加2/1.5/1分,省赛1/2等奖加0.8/0.5","C",""
"C23","HarmonyOS创新赛","国赛1/2/3等奖加2/1.5/1分,省赛1/2等奖加0.8/0.5","C",""
"C24","华为开发者大赛","国赛1/2/3等奖加2/1.5/1分,省赛1/2等奖加0.8/0.5","C",""
"GLOBAL_CSP","CSP成绩加分","加（CSP成绩-150)*0.01   （150分以上可加）","GLOBAL","formula"
"GLOBAL_RANK_DECAY","排名递减规则","A类比赛第9名起按名次递减0.2分","GLOBAL","rank_decay"
