plan_id,college,receiving_majors_and_quota,eligibility_requirement,application_mode,assessment_method,assessment_time,remarks
1,数学与统计学院,数学类不超过25人（0-25人）。,高考理综考生或选考科目含“物理”。,"学生按专业类报名，
考核合格后接收到专业类。","根据转专业联考微积分和英语考试成绩之和从报名学生中筛选前30人参加面试。最终按综合成绩择优录取:
综合成绩=面试成绩40%+转专业联考英语成绩30%+转专业联考微积分成绩30%。
降级转专业的同学需参加转专业联考，现已修课程不得有不及格记录。",院（系）另行通知,"面试时，要求提前20分钟到达现场，迟到15分钟以上者取消面试资格。如有相关获奖证书请携带证书复印件。
[REDACTED_CONTACT]"
2,物理学院,物理学类45人。,高考理综考生或选考科目含“物理且化学”。,"学生按专业类报名，
考核合格后接收到专业类。","根据转专业联考微积分和英语考试成绩，按转专业拟接收人数:入围面试人数=1:1.5确定面试名单。最终按综合成绩择优录取:
综合成绩=面试成绩40%+转专业联考英语成绩30%+转专业联考微积分成绩30%。",面试qq群内通知,[REDACTED_CONTACT]
3,化学与化工学院,"化学专业不超过20人，
应用化学专业不超过10人。","高考理综考生或选考科目含“化学”，
身心健康，色彩辨别能力正常，无色盲或色弱。","学生按专业报名，
考核合格后接收到专业。",面试。,院（系）另行通知,报名后请加[REDACTED_CONTACT]。
4,生命科学与技术学院,生物医学工程类41人，生物科学类19人。,生物医学工程类需为高考理综考生或选考科目含“化学”、“生物”、“物理”任一门。,"学生按专业类报名，
考核合格后接收到专业类。","生物医学工程类根据转专业联考微积分和英语考试成绩，按转专业拟接收人数:入围面试人数=1:1.5确定面试名单。最终按综合成绩择优录取:
综合成绩=面试成绩40%+转专业联考英语成绩30%+转专业联考微积分成绩30%。

生物科学类以面试成绩作为考核依据。",院（系）另行通知,报名后请加[REDACTED_CONTACT]。
5,机械科学与工程学院,"机械设计制造及其自动化专业不超过27人，
工业工程专业不超过15人，
测控技术与仪器专业不超过15人，
机器人工程专业不超过3人。","高考理综考生或选考科目含“物理”。
现已修课程不得有不及格记录。","学生按专业类报名，考核合格后直接接收到专业（不参与后续专业分流）。
机械设计制造及其自动化专业录取学生于第二学期参与专业方向分流（智能制造方向、先进电子制造方向）。
网上报名时请务必在申请书一栏中填写申报专业，否则学院资格审核时将不予通过。","根据转专业联考微积分和英语考试成绩，按转专业拟接收人数:入围面试人数=1:1.5确定面试名单。最终按综合成绩择优录取:
综合成绩=面试成绩40%+转专业联考微积分成绩30%+转专业联考英语成绩30%。",院（系）另行通知,
6,能源与动力工程学院,"能源动力类（含能源与动力工程、
新能源科学与工程、储能科学与工程、核工程与核技术）不超过70人，其中核工程与核技术专业不超过10人。","高考理综考生或选考科目含“物理”。
现已修课程不得有不及格记录。","学生按专业类报名，考核合格后接收到专业类。
网上报名时请务必在申请书一栏填写是否申报核工程与核技术专业，未予以说明则视为不申报核工程与核技术专业。
申报核工程与核技术专业的学生第二和第三学期仍按类培养，但不参与第三学期末分流，申报其他三个专业学生第三学期参与所有专业分流。","根据转专业联考微积分和英语考试成绩，按转专业拟接收人数:入围面试人数=1:1.2确定面试名单。最终按综合成绩择优录取:
综合成绩=面试成绩40%+转专业联考微积分成绩30%+转专业联考英语成绩30%。",院（系）另行通知,面试请提供各类获奖荣誉证书或证明及其他申请材料。
7,材料科学与工程学院,"电子封装技术专业50人，
材料成型及控制工程专业、材料科学与工程专业共40人。",高考理综考生或选考科目含“物理”、“化学”任意一门。,"学生按专业报名，
考核合格后接收到专业。","电子封装技术专业根据转专业联考微积分和英语考试成绩，按转专业拟接收人数：入围面试人数=1:1.2确定面试名单。最终按综合成绩择优录取：
综合成绩=面试成绩40%+转专业联考微积分成绩30%+转专业联考英语成绩30%。
材料成型及控制工程专业、材料科学与工程专业不参加联考，通过面试进行考核。",院（系）另行通知,面试时，如有相关获奖证书请携带证书复印件。
8,航空航天学院,工程力学专业和飞行器设计与工程专业共28人。,"高考理综考生或选考科目含“物理”，             
限非航空航天类的学生报名。
现已修必修课不得有不及格记录。","学生按专业报名，
考核合格后接收到专业。","根据转专业联考微积分和英语考试成绩，按转专业拟接收人数:入围面试人数=1:1.5确定面试名单。最终按综合成绩择优录取:
综合成绩=面试成绩20%+转专业联考微积分成绩40%+转专业联考英语成绩40%。
面试成绩不及格不予接收。",院（系）另行通知,
9,船舶与海洋工程学院,船舶与海洋工程专业30人，轮机工程专业10人。,高考理综考生或选考科目含“物理”。,"学生按专业报名，
考核合格后接收到专业。","根据转专业联考微积分和英语考试成绩，按转专业拟接收人数:入围面试人数=1:1.5确定面试名单。最终按综合成绩择优录取:
综合成绩=面试成绩40%+转专业联考微积分成绩40%+转专业联考英语成绩20%。",院（系）另行通知,
10,土木与水利工程学院,土木工程专业、工程管理专业、交通工程专业、智能建造专业和水利水电工程专业合计100人，其中智能建造专业不超过30人，水利水电工程专业不超过30人。,高考理综考生或选考科目含“物理”。,"学生按专业报名，
考核合格后接收到专业。","根据转专业联考微积分和英语考试成绩，按转专业拟接收人数:入围面试人数=1:1.5确定面试名单。最终按综合成绩择优录取:
综合成绩=面试成绩40%+转专业联考微积分成绩30%+转专业联考英语成绩30%。",院（系）另行通知,
11,建筑与城市规划学院,建筑学专业、城乡规划（四年制）专业、风景园林（四年制）专业共30人。,"无色盲或色弱。
现已修课程不得有不及格记录。","学生按专业报名，
考核合格后接收到专业。",面试。,12月7日上午8:30,
12,环境科学与工程学院,环境科学与工程类30人。,"高考理综考生或选考科目含“物理”、“化学”、“生物”任意一门。
现已修课程不得有不及格记录。","学生按专业类报名，
考核合格后接收到专业类。",面试。,院（系）另行通知,
13,电气与电子工程学院,电气工程及其自动化专业≤90人。,高考理综考生或选考科目含“物理”。,"学生按专业报名，
考核合格后接收到专业。","根据转专业联考微积分和英语考试成绩，按转专业拟接收人数:入围面试人数=1:1.5确定面试名单。最终按综合成绩择优录取:
综合成绩=面试成绩40%+转专业联考微积分成绩40%+转专业联考英语成绩20%。","面试：12月14日
以短信通知为准。",面试时需携带打印的转专业网上报名表1份，迟到15分钟以上者取消面试资格。
14,电子信息与通信学院,电子信息类（含电子信息工程专业20人、通信工程专业20人、电磁场与无线技术专业30人）70人。,高考理综考生或选考科目含“物理”。,"学生按专业类报名，考核合格后直接接收到专业（第二学期仍按类培养，不参与第二学期末分流）。
网上报名时请务必在申请书一栏中填写申报专业，否则学院资格审核时将不予通过。","根据转专业联考微积分和英语考试成绩，按转专业拟接收人数:入围面试人数=1:1.5确定面试名单。最终按综合成绩择优录取:
综合成绩=面试成绩40%+转专业联考微积分成绩40%+转专业联考英语成绩20%。",面试qq群内通知,"面试时，如有相关获奖证书请携带证书复印件。
网上报名后请加[REDACTED_CONTACT]。"
15,光学与电子信息学院,光电信息科学与工程专业30人。,高考理综考生或选考科目含“物理”。,"学生按专业报名，
考核合格后接收到专业。","根据转专业联考微积分和英语考试成绩，按转专业拟接收人数:入围面试人数=1:1.5确定面试名单。最终按综合成绩择优录取:
综合成绩=面试成绩40%+转专业联考微积分成绩40%+转专业联考英语成绩20%。",院（系）另行通知,
16,集成电路学院,电子信息类（含集成电路设计与集成系统专业、电子科学与技术专业、微电子科学与工程专业）30人。,高考理综考生或选考科目含“物理”。,"学生按专业类报名，
考核合格后接收到专业类。","根据转专业联考微积分和英语考试成绩，按转专业拟接收人数:入围面试人数=1:1.5确定面试名单。最终按综合成绩择优录取:
综合成绩=面试成绩30%+转专业联考微积分成绩45%+转专业联考英语成绩25%。",院（系）另行通知,
17,计算机科学与技术学院,计算机类（含计算机科学与技术专业、数据科学与大数据专业、智能科学与技术专业）合计共35人，其中计算机科学与技术专业5人。,高考理综考生或选考科目含“物理”。,"学生按专业类报名，
考核合格后接收到专业类。

按综合成绩选拔排名前5名学生提前确定计算机科学与技术专业（第二学期仍按类培养，不参与第二学期末分流），其余录取学生第二学期末分流到数据科学与大数据专业、智能科学与技术专业。
成绩优秀者分流时可参与图灵实验班选拔。","根据转专业联考微积分和英语考试成绩以及计算机综合笔试成绩，按转专业拟接收人数:入围面试人数=1:1.2确定面试名单。最终按综合成绩择优录取:
综合成绩=面试成绩25%+转专业联考微积分成绩25%+转专业联考英语成绩25%+计算机综合成绩25%。",院（系）另行通知,有竞赛获奖证书者请携带证书面试。
18,人工智能与自动化学院,智能医学工程专业20人，人工智能专业5人，自动化专业5人。,限修习微积分（或数学分析）课程学时不低于80的专业学生。,"学生按专业报名，
考核合格后接收到专业。","根据转专业联考微积分和英语考试成绩，按转专业拟接收人数:入围面试人数=1:1.5确定面试名单。最终按综合成绩择优录取:
综合成绩=面试成绩30%+转专业联考微积分成绩40%+转专业联考英语成绩30%。",院（系）另行通知,
19,软件学院,软件工程专业20人，软件工程（AI大模型）15人。,"高考理综考生或选考科目含“物理”。
软件学院学生只能选报AI大模型试验班。","学生按专业报名，
考核合格后接收到专业。","根据转专业联考微积分和英语考试成绩，按转专业拟接收人数:入围面试人数=1:1.5确定面试名单。最终按综合成绩择优录取:
综合成绩=面试成绩40%+转专业联考微积分成绩30%+转专业联考英语成绩30%。",院（系）另行通知,
20,网络空间安全学院,网络空间安全专业10人，信息安全专业10人，密码科学与技术专业5人。,"高考理综考生或选考科目含“物理”。
限非网络空间安全学院学生报名。","学生按专业类报名，考核合格后直接接收到专业（第二学期仍按类培养，不参与第二学期末分流）。
网上报名时请务必在申请书一栏中填写申报专业，否则学院资格审核时将不予通过。","根据转专业联考微积分（60%）和英语（40%）考试成绩选拔复试入围学生，以招1:1.5比例确定参加学院复试（机考和面试）名单。最终按综合成绩择优录取:
综合成绩=转专业联考成绩60%+机考成绩16%+面试成绩24%。",院（系）另行通知,"面试时请携带数学或信息类竞赛奖项证书原件或复印件（4份）以及成绩单（4份）。
笔试结束后请关注网安学院官网提供的相关信息。"
21,人文学院,中国语言文学类不超过30人。,,"学生按专业类报名，
考核合格后接收到专业类。",面试。,12月11日下午14:00-17:30,
22,哲学学院,哲学专业9人。,,"学生按专业报名，
考核合格后接收到专业。",面试。,12月24日晚19:00-21:00,
23,法学院,法学专业20人。,,"学生按专业报名，
考核合格后接收到专业。","学院笔试+面试。
根据学院组织的笔试成绩，按转专业拟接收人数:入围面试人数=1:1.5确定面试名单。最终按面试成绩择优录取。",院（系）另行通知,报名后请加[REDACTED_CONTACT]。
24,社会学院,社会学类20人。,,"学生按专业类报名，
考核合格后接收到专业类。",面试，并结合已取得的课程成绩。,12月4日上午9:00,面试时须提供已出成绩的成绩单。
25,外国语学院,"德语专业5人，法语专业5人，
翻译专业5人，日语专业5人，
英语专业7人，英商专业5人。",,"学生按专业报名，
考核合格后接收到专业。","专业测试（笔试和口试）+ 综合面试，考试内容：外语听力、阅读、写作、口语。
综合成绩=面试成绩40%+笔试成绩36%+口试成绩24%。",院（系）另行通知,"报名后请加[REDACTED_CONTACT]（须注明真实姓名和转出院（系））。
面试时需携带打印的转专业网上报名表，已出成绩的成绩单，各类获奖荣誉证书复印件。"
26,新闻与信息传播学院,新闻传播学类（含新闻学专业、广播电视学专业、广告学专业）、传播学专业共10人。,,"报考新闻传播学类的学生按专业类报名，考核合格后接收到专业类。
报考传播学专业的学生按专业报名，
考核合格后接收到专业。","学院笔试+面试。
综合成绩=学院笔试成绩60%+面试成绩40%。","笔试：12月17日晚上18:30-20:30；
面试：12月18日下午14:00开始。",
27,经济学院,经济学类、数字经济（AI双学位）、国际商务+英语专业、金融工程专业合计不超过60人。,"数字经济+AI专业限高考理综考生或选考科目含“物理”，
金融工程专业限高考理综考生（高考综合改革省份的考生则无限制）。","申报经济学类的学生按专业类报名，考核合格后接收到专业类。
申报其他专业的学生按专业报名，考核合格后接收到专业。","根据转专业联考微积分和英语考试成绩，按转专业拟接收人数:入围面试人数=1:1.5确定面试名单。最终按综合成绩择优录取:
综合成绩=面试成绩40%+转专业联考微积分成绩30%+转专业联考英语成绩30%。",院（系）另行通知,
28,管理学院,管理科学与工程类、工商管理类、供应链管理（工业工程双学位）合计不超过57人。,管理科学与工程类和供应链（IE双学位）限高考理综考生或选考科目含“物理”、“化学”、“生物”任意一门。,"申报管理科学与工程类、工商管理类的学生按专业类报名，考核合格后接收到专业类（第二学期专业分流时，不允许跨专业类选专业）。
申报供应链（IE双学位）专业的学生按专业报名，考核合格后接收到专业。","根据转专业联考微积分和英语考试成绩，按转专业拟接收人数:入围面试人数=1:1.5确定面试名单。最终按综合成绩择优录取:
综合成绩=面试成绩40%+转专业联考微积分成绩30%+转专业联考英语成绩30%。
面试不合格不予录取。",院（系）另行通知,报名后请加[REDACTED_CONTACT]。
29,公共管理学院,公共事业管理专业10人，行政管理专业10人。,限非公共管理大类学生报名。,"学生按专业报名，
考核合格后接收到专业。",转专业联考微积分成绩、英语成绩和面试成绩各以百分制计，取三门课程成绩之和排序，择优录取。,院（系）另行通知,
30,第一临床学院,医学影像学专业6人，医学检验技术专业5人，麻醉学专业5人。,高考理综考生或选考科目含“化学”、“生物”任意一门。,"学生按专业报名，
考核合格后接收到专业。","根据转专业联考微积分和英语考试成绩，按转专业拟接收人数:入围面试人数=1:1.5确定面试名单。最终按综合成绩择优录取：
综合成绩=面试成绩30%+转专业联考数学成绩35%+转专业联考英语成绩35%。",院（系）另行通知,
31,第二临床学院,"中西医临床医学专业0-10人，
儿科学专业0-10人，
临床医学（中德班）专业0-22人","高考理综考生或选考科目含“物理且化学”。
现已修课程不得有不及格记录。","学生按专业报名，
考核合格后接收到专业","根据转专业联考微积分和英语考试成绩，按转专业拟接收人数:入围面试人数=1:1.5确定面试名单。最终按综合成绩择优录取：
综合成绩=面试成绩40%+转专业联考微积分成绩30%+转专业联考英语成绩30%。","中西医临床医学面试：12月11日19:00，
儿科学面试：12月12日14:30，
临床医学（中德班）面试时间另行通知。",
32,基础医学院,基础医学专业12人。,高考理综考生或选考科目含“化学”、“生物”任一门。,"学生按专业报名，
考核合格后接收到专业。",面试考核，微积分(或数学分析)期中考试成绩作为参考。,院（系）另行通知,
33,公共卫生学院,预防医学专业20人。,高考理综考生或选考科目含“化学”、“生物”、“物理”任一门。,"学生按专业报名，
考核合格后接收到专业。","根据转专业联考微积分和英语考试成绩，按转专业拟接收人数:入围面试人数=1:1.5确定面试名单。最终按综合成绩择优录取：
综合成绩=面试成绩40%+转专业联考微积分成绩30%+转专业联考英语成绩30%。",院（系）另行通知,
34,药学院,药学专业、临床药学专业、生物药学基地、智慧管理药学合计不超过41人。,高考理综考生或选考科目含“化学”、“生物”、“物理”任一门。,"学生按专业报名，
考核合格后接收到专业。",面试。,院（系）另行通知,
35,法医学系,法医学专业10人。,高考理综考生或选考科目含“物理且化学”。,"学生按专业报名，
考核合格后接收到专业。",面试。,院（系）另行通知,面试时需携带学生在读期间成绩单、转专业申请书、各类获奖证书复印件。
36,医药卫生管理学院,公共事业管理专业10人，信息管理与信息系统专业10人。,,"学生按专业报名，
考核合格后接收到专业。","面试。
降级转专业学生的加权成绩需高于及格线。",院（系）另行通知,
37,护理学院,护理学（四年英语）专业2人，护理学（四年）专业5人。,"护理学（四年）专业仅限护理学（四年英语）学生转入。
护理学（四年英语）专业限高考理综考生或选考科目含“化学”、“生物”、“物理”任一门，要求高考英语不低于130分（海南生源的考生标准分不低于246分）。
现已修课程不得有不及格记录。","学生按专业报名，
考核合格后接收到专业。",护理学（四年英语）专业:面试。,院（系）另行通知,
38,口腔医学院,口腔医学专业10人。,高考理综考生或选考科目含“化学”、“生物”任一门。,"学生按专业报名，
考核合格后接收到专业。","根据转专业联考微积分和英语考试成绩，按转专业拟接收人数:入围面试人数=1:1.5确定面试名单。最终按综合成绩择优录取：
综合成绩=面试40%+转专业联考微积分考试成绩20%+转专业联考英语考试成绩40%。
降级转专业的同学必修课平均成绩需达到70分及以上。",院（系）另行通知,
